PEO,Azobenzene_Main,AAA-B-AAA,testAzoMaincsv
PEO,Azobenzene_Main,AAA-B-AAA,testAzoMaincsv
PEO,Azobenzene_Main,AAA-B-AAA,testAzoMaincsv
PEO,Azobenzene_Main,AAA-B-AAA,testAzoMaincsv
PEO,Azobenzene_Main,AAA-B-AAA,testAzoMaincsv
PEO,Azobenzene_Main,AAA-B-AAA,testAzoMaincsv
PEO,Azobenzene_Main,AAA-B-AAA,testAzoMaincsv
PEO,Azobenzene_Main,AAA-B-AAA,testAzoMaincsv
PEO,Azobenzene_Main,AAA-B-AAA,testAzoMaincsv
PEO,Azobenzene_Main,AAA-B-AAA,testAzoMaincsv
PEO,Azobenzene_Main,AAA-B-AAA,testAzoMaincsv
PEO,Azobenzene_Main,AAA-B-AAA,testAzoMaincsv
PEO,Azobenzene_Main,AAA-B-AAA,testAzoMaincsv
PEO,Azobenzene_Main,AAA-B-AAA,testAzoMaincsv
PEO,Azobenzene_Main,AAA-B-AAA,testAzoMaincsv
PEO,Azobenzene_Main,AAA-B-AAA,testAzoMaincsv
PEO,Azobenzene_Main,AAA-B-AAA,testAzoMaincsv
PEO,Azobenzene_Main,AAA-B-AAA,testAzoMaincsv
PEO,Azobenzene_Main,AAA-B-AAA,testAzoMaincsv
PEO,Azobenzene_Main,AAA-B-AAA,testAzoMaincsv
PEO,Azobenzene_Main,AAA-B-AAA,testAzoMaincsv
PEO,PCL,AAA-B-AAA,testAzoMaincsv
PEO,Azobenzene_Main,AAA-B-AAA,testAzoMaincsv
PEO,PC,AAA-B-AAA,testAzoMaincsv
PEO,PCL,AAA-B-AAA,testAzoMaincsv
PEO,PCL,AAA-B-AAA,testAzoMaincsv
PEO,Azobenzene_Main,AAA-B-AAA,testAzoMaincsv
PEO,Azobenzene_Main,AAA-B-AAA,testAzoMaincsv
PEO,Azobenzene_Main,AAA-B-AAA,testAzoMaincsv
PEO,Azobenzene_Main,AAAA-B-AAAA,testAzoMaincsv
